{
  "2022 \ubca0\uc5b4": {
    "40": {
      "trades": 3593,
      "wins": 1220,
      "win_rate": 33.95491232952964,
      "total_pct": 7450.633051267123,
      "avg_per_trade_pct": 2.0736523938956646
    },
    "50": {
      "trades": 3593,
      "wins": 1220,
      "win_rate": 33.95491232952964,
      "total_pct": 7450.633051267123,
      "avg_per_trade_pct": 2.0736523938956646
    },
    "60": {
      "trades": 1016,
      "wins": 378,
      "win_rate": 37.20472440944882,
      "total_pct": 2222.657143013856,
      "avg_per_trade_pct": 2.1876546683207243
    },
    "70": {
      "trades": 117,
      "wins": 44,
      "win_rate": 37.60683760683761,
      "total_pct": 276.13565003750665,
      "avg_per_trade_pct": 2.3601337610043305
    }
  },
  "2023 \ud6a1\ubcf4": {
    "40": {
      "trades": 3092,
      "wins": 1214,
      "win_rate": 39.26261319534282,
      "total_pct": 5915.924834100212,
      "avg_per_trade_pct": 1.9133003991268474
    },
    "50": {
      "trades": 3092,
      "wins": 1214,
      "win_rate": 39.26261319534282,
      "total_pct": 5915.924834100212,
      "avg_per_trade_pct": 1.9133003991268474
    },
    "60": {
      "trades": 808,
      "wins": 331,
      "win_rate": 40.96534653465346,
      "total_pct": 1533.846065553896,
      "avg_per_trade_pct": 1.898324338556802
    },
    "70": {
      "trades": 76,
      "wins": 31,
      "win_rate": 40.78947368421053,
      "total_pct": 134.14413254258798,
      "avg_per_trade_pct": 1.7650543755603683
    }
  },
  "2024 \uac15\uc138": {
    "40": {
      "trades": 1410,
      "wins": 754,
      "win_rate": 53.47517730496454,
      "total_pct": 1643.8189217308186,
      "avg_per_trade_pct": 1.1658290225041266
    },
    "50": {
      "trades": 1410,
      "wins": 754,
      "win_rate": 53.47517730496454,
      "total_pct": 1643.8189217308186,
      "avg_per_trade_pct": 1.1658290225041266
    },
    "60": {
      "trades": 579,
      "wins": 318,
      "win_rate": 54.92227979274611,
      "total_pct": 579.6467929610142,
      "avg_per_trade_pct": 1.0011170862884529
    },
    "70": {
      "trades": 66,
      "wins": 41,
      "win_rate": 62.121212121212125,
      "total_pct": 87.00586734332418,
      "avg_per_trade_pct": 1.3182707173230936
    }
  },
  "2025 H2 \ubca0\uc5b4": {
    "40": {
      "trades": 428,
      "wins": 261,
      "win_rate": 60.981308411214954,
      "total_pct": 233.2141140252445,
      "avg_per_trade_pct": 0.5448927897786087
    },
    "50": {
      "trades": 428,
      "wins": 261,
      "win_rate": 60.981308411214954,
      "total_pct": 233.2141140252445,
      "avg_per_trade_pct": 0.5448927897786087
    },
    "60": {
      "trades": 210,
      "wins": 132,
      "win_rate": 62.857142857142854,
      "total_pct": 131.6017139746575,
      "avg_per_trade_pct": 0.6266748284507501
    },
    "70": {
      "trades": 23,
      "wins": 18,
      "win_rate": 78.26086956521739,
      "total_pct": 15.2893910543223,
      "avg_per_trade_pct": 0.6647561327966217
    }
  },
  "2026 \ud604\uc7ac": {
    "40": {
      "trades": 340,
      "wins": 172,
      "win_rate": 50.588235294117645,
      "total_pct": 3.818954584199888,
      "avg_per_trade_pct": 0.011232219365293788
    },
    "50": {
      "trades": 340,
      "wins": 172,
      "win_rate": 50.588235294117645,
      "total_pct": 3.818954584199888,
      "avg_per_trade_pct": 0.011232219365293788
    },
    "60": {
      "trades": 149,
      "wins": 90,
      "win_rate": 60.40268456375839,
      "total_pct": 38.18941895149685,
      "avg_per_trade_pct": 0.2563048251778312
    },
    "70": {
      "trades": 25,
      "wins": 18,
      "win_rate": 72.0,
      "total_pct": 19.8487811866915,
      "avg_per_trade_pct": 0.79395124746766
    }
  },
  "4\ub144 \ud1b5\ud569": {
    "40": {
      "trades": 9344,
      "wins": 3927,
      "win_rate": 42.02696917808219,
      "total_pct": 15484.12088547353,
      "avg_per_trade_pct": 1.6571191016131774
    },
    "50": {
      "trades": 9344,
      "wins": 3927,
      "win_rate": 42.02696917808219,
      "total_pct": 15484.12088547353,
      "avg_per_trade_pct": 1.6571191016131774
    },
    "60": {
      "trades": 2997,
      "wins": 1417,
      "win_rate": 47.280613947280614,
      "total_pct": 4675.841049962777,
      "avg_per_trade_pct": 1.5601738571781039
    },
    "70": {
      "trades": 332,
      "wins": 172,
      "win_rate": 51.80722891566265,
      "total_pct": 561.3657668140432,
      "avg_per_trade_pct": 1.690860743415793
    }
  }
}